{"cameraMode":{"drawMode":0,"name":"Shaded","section":"Shading Mode"},"sceneLighting":true,"audioPlay":false,"sceneViewState":{"showFog":true,"showMaterialUpdate":true,"showSkybox":true,"showFlares":true,"showImageEffects":true,"showParticleSystems":true},"in2DMode":false,"pivot":{"x":-149.4528045654297,"y":37.020294189453128,"z":-110.84951782226563},"rotation":{"x":-0.15359008312225343,"y":-0.15516911447048188,"z":0.025835951790213586,"w":-0.9759216904640198},"size":91.56658172607422,"orthographic":false}