{"cameraMode":{"drawMode":0,"name":"Shaded","section":"Shading Mode"},"sceneLighting":false,"audioPlay":false,"sceneViewState":{"showFog":true,"showMaterialUpdate":true,"showSkybox":false,"showFlares":true,"showImageEffects":true,"showParticleSystems":true},"in2DMode":false,"pivot":{"x":-147.67205810546876,"y":37.942962646484378,"z":-133.593017578125},"rotation":{"x":-0.25751715898513796,"y":-0.021605173125863076,"z":0.005807250272482634,"w":-0.9664312601089478},"size":1.362128496170044,"orthographic":false}