{"cameraMode":{"drawMode":0,"name":"Shaded","section":"Shading Mode"},"sceneLighting":false,"audioPlay":false,"sceneViewState":{"showFog":true,"showMaterialUpdate":true,"showSkybox":false,"showFlares":true,"showImageEffects":true,"showParticleSystems":true},"in2DMode":false,"pivot":{"x":-0.9763137698173523,"y":2.4105730056762697,"z":-0.0765986442565918},"rotation":{"x":-0.007196716498583555,"y":-0.9926033616065979,"z":-0.06828282028436661,"w":0.10531855374574661},"size":7.141389846801758,"orthographic":false}