{"cameraMode":{"drawMode":0,"name":"Shaded","section":"Shading Mode"},"sceneLighting":false,"audioPlay":false,"sceneViewState":{"showFog":true,"showMaterialUpdate":true,"showSkybox":false,"showFlares":true,"showImageEffects":true,"showParticleSystems":true},"in2DMode":false,"pivot":{"x":353.8587646484375,"y":23.0013427734375,"z":-1.7119140625},"rotation":{"x":0.04832039773464203,"y":-0.0002702696365304291,"z":-0.0013333194656297565,"w":0.9992517828941345},"size":777.1177368164063,"orthographic":false}