{"cameraMode":{"drawMode":0,"name":"Shaded","section":"Shading Mode"},"sceneLighting":true,"audioPlay":false,"sceneViewState":{"showFog":true,"showMaterialUpdate":true,"showSkybox":false,"showFlares":true,"showImageEffects":true,"showParticleSystems":true},"in2DMode":false,"pivot":{"x":-101.86773681640625,"y":35.18122100830078,"z":-103.27774047851563},"rotation":{"x":-0.06913462281227112,"y":-0.20146411657333375,"z":0.015349035151302815,"w":-0.9776341319084168},"size":12.368057250976563,"orthographic":false}