{"cameraMode":{"drawMode":0,"name":"Shaded","section":"Shading Mode"},"sceneLighting":false,"audioPlay":false,"sceneViewState":{"showFog":true,"showMaterialUpdate":true,"showSkybox":false,"showFlares":true,"showImageEffects":true,"showParticleSystems":true},"in2DMode":false,"pivot":{"x":-0.50311279296875,"y":-0.36746644973754885,"z":1.8622970581054688},"rotation":{"x":0.1093478873372078,"y":-0.8887979984283447,"z":0.2781645357608795,"w":0.34928154945373537},"size":3.1530115604400636,"orthographic":false}