{"cameraMode":{"drawMode":0,"name":"Shaded","section":"Shading Mode"},"sceneLighting":true,"audioPlay":false,"sceneViewState":{"showFog":true,"showMaterialUpdate":true,"showSkybox":true,"showFlares":true,"showImageEffects":true,"showParticleSystems":true},"in2DMode":false,"pivot":{"x":-155.2342071533203,"y":23.98255729675293,"z":-110.3415298461914},"rotation":{"x":-0.22497408092021943,"y":0.004325211048126221,"z":0.0005236697616055608,"w":-0.9747741222381592},"size":63.637752532958987,"orthographic":false}