{"cameraMode":{"drawMode":0,"name":"Shaded","section":"Shading Mode"},"sceneLighting":true,"audioPlay":false,"sceneViewState":{"showFog":true,"showMaterialUpdate":true,"showSkybox":true,"showFlares":true,"showImageEffects":true,"showParticleSystems":true},"in2DMode":false,"pivot":{"x":-24.835899353027345,"y":4.9073028564453129,"z":-6.159506797790527},"rotation":{"x":0.2299966961145401,"y":0.6883654594421387,"z":-0.24480512738227845,"w":0.6439415812492371},"size":24.618209838867189,"orthographic":false}