{"cameraMode":{"drawMode":0,"name":"Shaded","section":"Shading Mode"},"sceneLighting":false,"audioPlay":false,"sceneViewState":{"showFog":true,"showMaterialUpdate":true,"showSkybox":false,"showFlares":true,"showImageEffects":true,"showParticleSystems":true},"in2DMode":false,"pivot":{"x":0.05607569217681885,"y":-0.0987057089805603,"z":0.7331616282463074},"rotation":{"x":0.3933311700820923,"y":-0.19728562235832215,"z":0.08673866093158722,"w":0.8943723440170288},"size":1.1085398197174073,"orthographic":false}