{"cameraMode":{"drawMode":0,"name":"Shaded","section":"Shading Mode"},"sceneLighting":true,"audioPlay":false,"sceneViewState":{"showFog":true,"showMaterialUpdate":true,"showSkybox":false,"showFlares":true,"showImageEffects":true,"showParticleSystems":true},"in2DMode":false,"pivot":{"x":-101.86773681640625,"y":35.18122100830078,"z":-103.27774047851563},"rotation":{"x":0.011620237492024899,"y":0.5815534591674805,"z":0.009001859463751316,"w":-0.8142115473747253},"size":10.772378921508789,"orthographic":false}