{"cameraMode":{"drawMode":0,"name":"Shaded","section":"Shading Mode"},"sceneLighting":true,"audioPlay":false,"sceneViewState":{"showFog":true,"showMaterialUpdate":true,"showSkybox":false,"showFlares":true,"showImageEffects":true,"showParticleSystems":true},"in2DMode":false,"pivot":{"x":166.5530242919922,"y":3.5149829387664797,"z":25.429569244384767},"rotation":{"x":0.03304208815097809,"y":0.8643133640289307,"z":-0.05403725057840347,"w":0.5002527832984924},"size":12.180686950683594,"orthographic":false}