{"cameraMode":{"drawMode":0,"name":"Shaded","section":"Shading Mode"},"sceneLighting":false,"audioPlay":false,"sceneViewState":{"showFog":true,"showMaterialUpdate":true,"showSkybox":false,"showFlares":true,"showImageEffects":true,"showParticleSystems":true},"in2DMode":false,"pivot":{"x":-150.03958129882813,"y":33.481666564941409,"z":-135.30999755859376},"rotation":{"x":-0.08652818948030472,"y":0.20109859108924867,"z":-0.019756542518734933,"w":-0.9759274125099182},"size":1.5324742794036866,"orthographic":false}