{"cameraMode":{"drawMode":0,"name":"Shaded","section":"Shading Mode"},"sceneLighting":false,"audioPlay":false,"sceneViewState":{"showFog":true,"showMaterialUpdate":true,"showSkybox":false,"showFlares":true,"showImageEffects":true,"showParticleSystems":true},"in2DMode":false,"pivot":{"x":45.57914733886719,"y":58.099998474121097,"z":-48.790000915527347},"rotation":{"x":-0.0917186513543129,"y":0.03712429478764534,"z":-0.0018388840835541487,"w":-0.9954615831375122},"size":11.431534767150879,"orthographic":false}