{"cameraMode":{"drawMode":0,"name":"Shaded","section":"Shading Mode"},"sceneLighting":true,"audioPlay":false,"sceneViewState":{"showFog":true,"showMaterialUpdate":true,"showSkybox":true,"showFlares":true,"showImageEffects":true,"showParticleSystems":true},"in2DMode":false,"pivot":{"x":-29.895313262939454,"y":5.005607604980469,"z":0.7373065948486328},"rotation":{"x":0.34556177258491518,"y":-0.0970095843076706,"z":0.033758752048015597,"w":0.9335280656814575},"size":18.93194007873535,"orthographic":false}