{"cameraMode":{"drawMode":0,"name":"Shaded","section":"Shading Mode"},"sceneLighting":false,"audioPlay":false,"sceneViewState":{"showFog":true,"showMaterialUpdate":true,"showSkybox":false,"showFlares":true,"showImageEffects":true,"showParticleSystems":true},"in2DMode":false,"pivot":{"x":-0.626845121383667,"y":0.13655519485473634,"z":0.0013098716735839844},"rotation":{"x":0.019532516598701478,"y":-0.9787969589233398,"z":0.11241975426673889,"w":0.17185327410697938},"size":8.763046264648438,"orthographic":false}