{"cameraMode":{"drawMode":0,"name":"Shaded","section":"Shading Mode"},"sceneLighting":false,"audioPlay":false,"sceneViewState":{"showFog":true,"showMaterialUpdate":true,"showSkybox":false,"showFlares":true,"showImageEffects":true,"showParticleSystems":true},"in2DMode":false,"pivot":{"x":0.13513979315757752,"y":0.8006511926651001,"z":-0.3076815605163574},"rotation":{"x":0.0397920086979866,"y":-0.9513345956802368,"z":0.13207733631134034,"w":0.2770836651325226},"size":2.5938851833343508,"orthographic":false}