{"cameraMode":{"drawMode":0,"name":"Shaded","section":"Shading Mode"},"sceneLighting":false,"audioPlay":false,"sceneViewState":{"showFog":true,"showMaterialUpdate":true,"showSkybox":false,"showFlares":true,"showImageEffects":true,"showParticleSystems":true},"in2DMode":false,"pivot":{"x":45.9965934753418,"y":58.24081802368164,"z":-50.10839080810547},"rotation":{"x":-0.0028061396442353727,"y":0.8146318793296814,"z":0.0049791219644248489,"w":0.5804631114006043},"size":4.162817478179932,"orthographic":false}