{"cameraMode":{"drawMode":0,"name":"Shaded","section":"Shading Mode"},"sceneLighting":false,"audioPlay":false,"sceneViewState":{"showFog":true,"showMaterialUpdate":true,"showSkybox":false,"showFlares":true,"showImageEffects":true,"showParticleSystems":true},"in2DMode":false,"pivot":{"x":-0.000701904296875,"y":28.434499740600587,"z":-15.24224853515625},"rotation":{"x":0.07684218138456345,"y":-0.9124879837036133,"z":0.34851571917533877,"w":0.20148096978664399},"size":238.05670166015626,"orthographic":false}