{"cameraMode":{"drawMode":0,"name":"Shaded","section":"Shading Mode"},"sceneLighting":false,"audioPlay":false,"sceneViewState":{"showFog":true,"showMaterialUpdate":true,"showSkybox":false,"showFlares":true,"showImageEffects":true,"showParticleSystems":true},"in2DMode":false,"pivot":{"x":-147.02255249023438,"y":36.80744171142578,"z":-144.76695251464845},"rotation":{"x":0.08260425925254822,"y":0.044502440840005878,"z":-0.005231058690696955,"w":0.99595707654953},"size":1.6045527458190919,"orthographic":false}