{"cameraMode":{"drawMode":0,"name":"Shaded","section":"Shading Mode"},"sceneLighting":false,"audioPlay":false,"sceneViewState":{"showFog":true,"showMaterialUpdate":true,"showSkybox":false,"showFlares":true,"showImageEffects":true,"showParticleSystems":true},"in2DMode":false,"pivot":{"x":2.4450645446777345,"y":-0.1620858907699585,"z":0.05626249313354492},"rotation":{"x":0.05909138545393944,"y":0.6501376628875732,"z":-0.0513143464922905,"w":0.7561691999435425},"size":7.6055779457092289,"orthographic":false}