{"cameraMode":{"drawMode":0,"name":"Shaded","section":"Shading Mode"},"sceneLighting":false,"audioPlay":false,"sceneViewState":{"showFog":true,"showMaterialUpdate":true,"showSkybox":false,"showFlares":true,"showImageEffects":true,"showParticleSystems":true},"in2DMode":false,"pivot":{"x":-141.9920654296875,"y":34.547183990478519,"z":-119.1277847290039},"rotation":{"x":-0.0722254291176796,"y":0.07900311797857285,"z":-0.003611058695241809,"w":-0.9946590662002564},"size":5.5703277587890629,"orthographic":false}