{"cameraMode":{"drawMode":0,"name":"Shaded","section":"Shading Mode"},"sceneLighting":false,"audioPlay":false,"sceneViewState":{"showFog":true,"showMaterialUpdate":true,"showSkybox":false,"showFlares":true,"showImageEffects":true,"showParticleSystems":true},"in2DMode":false,"pivot":{"x":46.04906463623047,"y":58.145423889160159,"z":-49.639991760253909},"rotation":{"x":0.023468121886253358,"y":0.7498751878738403,"z":-0.02573191560804844,"w":0.6611120700836182},"size":2.7449591159820558,"orthographic":false}