{"cameraMode":{"drawMode":0,"name":"Shaded","section":"Shading Mode"},"sceneLighting":false,"audioPlay":false,"sceneViewState":{"showFog":true,"showMaterialUpdate":true,"showSkybox":false,"showFlares":true,"showImageEffects":true,"showParticleSystems":true},"in2DMode":false,"pivot":{"x":-0.07985872030258179,"y":-0.07012974470853806,"z":0.7829768657684326},"rotation":{"x":0.08328854292631149,"y":-0.9140008687973023,"z":0.23549002408981324,"w":0.32134702801704409},"size":1.7085397243499756,"orthographic":false}