{"cameraMode":{"drawMode":0,"name":"Shaded","section":"Shading Mode"},"sceneLighting":false,"audioPlay":false,"sceneViewState":{"showFog":true,"showMaterialUpdate":true,"showSkybox":false,"showFlares":true,"showImageEffects":true,"showParticleSystems":true},"in2DMode":false,"pivot":{"x":-156.06092834472657,"y":34.85794448852539,"z":-134.25912475585938},"rotation":{"x":-0.09309817850589752,"y":0.4934636652469635,"z":-0.05324530228972435,"w":-0.8635932803153992},"size":2.8269293308258058,"orthographic":false}