{"cameraMode":{"drawMode":0,"name":"Shaded","section":"Shading Mode"},"sceneLighting":false,"audioPlay":false,"sceneViewState":{"showFog":true,"showMaterialUpdate":true,"showSkybox":true,"showFlares":true,"showImageEffects":true,"showParticleSystems":true},"in2DMode":false,"pivot":{"x":-149.5818634033203,"y":31.738174438476564,"z":-137.78662109375},"rotation":{"x":0.1392468512058258,"y":-0.7181945443153381,"z":0.14974059164524079,"w":0.6659113764762878},"size":8.966400146484375,"orthographic":false}