{"cameraMode":{"drawMode":0,"name":"Shaded","section":"Shading Mode"},"sceneLighting":false,"audioPlay":false,"sceneViewState":{"showFog":true,"showMaterialUpdate":true,"showSkybox":false,"showFlares":true,"showImageEffects":true,"showParticleSystems":true},"in2DMode":false,"pivot":{"x":-29.777769088745118,"y":-7.119123935699463,"z":-15.618064880371094},"rotation":{"x":-0.2177087962627411,"y":0.0039388928562402729,"z":-0.0012388897594064475,"w":-0.9766888618469238},"size":1.533920168876648,"orthographic":false}