{"cameraMode":{"drawMode":0,"name":"Shaded","section":"Shading Mode"},"sceneLighting":false,"audioPlay":false,"sceneViewState":{"showFog":true,"showMaterialUpdate":true,"showSkybox":false,"showFlares":true,"showImageEffects":true,"showParticleSystems":true},"in2DMode":false,"pivot":{"x":-31.110366821289064,"y":9.526416778564454,"z":-17.00228500366211},"rotation":{"x":0.0009362329146824777,"y":-0.9921137690544128,"z":0.1305389702320099,"w":-0.0032925924751907589},"size":34.95859146118164,"orthographic":false}