{"cameraMode":{"drawMode":0,"name":"Shaded","section":"Shading Mode"},"sceneLighting":false,"audioPlay":false,"sceneViewState":{"showFog":true,"showMaterialUpdate":true,"showSkybox":false,"showFlares":true,"showImageEffects":true,"showParticleSystems":true},"in2DMode":false,"pivot":{"x":-147.39382934570313,"y":37.65755844116211,"z":-141.08285522460938},"rotation":{"x":0.0803605243563652,"y":0.8395601511001587,"z":-0.12991805374622346,"w":0.5219048857688904},"size":5.910088539123535,"orthographic":false}