{"cameraMode":{"drawMode":0,"name":"Shaded","section":"Shading Mode"},"sceneLighting":true,"audioPlay":false,"sceneViewState":{"showFog":true,"showMaterialUpdate":true,"showSkybox":true,"showFlares":true,"showImageEffects":true,"showParticleSystems":true},"in2DMode":false,"pivot":{"x":-149.85462951660157,"y":40.24608612060547,"z":-135.19081115722657},"rotation":{"x":0.011632286012172699,"y":0.03409068286418915,"z":0.0017535939114168287,"w":-0.9997379779815674},"size":156.23841857910157,"orthographic":false}