{"cameraMode":{"drawMode":0,"name":"Shaded","section":"Shading Mode"},"sceneLighting":false,"audioPlay":false,"sceneViewState":{"showFog":true,"showMaterialUpdate":true,"showSkybox":false,"showFlares":true,"showImageEffects":true,"showParticleSystems":true},"in2DMode":false,"pivot":{"x":122.50591278076172,"y":22.7760009765625,"z":40.23655700683594},"rotation":{"x":0.08532595634460449,"y":-0.6528681516647339,"z":0.07355986535549164,"w":0.7499189972877502},"size":157.06658935546876,"orthographic":false}