{"cameraMode":{"drawMode":0,"name":"Shaded","section":"Shading Mode"},"sceneLighting":false,"audioPlay":false,"sceneViewState":{"showFog":true,"showMaterialUpdate":true,"showSkybox":false,"showFlares":true,"showImageEffects":true,"showParticleSystems":true},"in2DMode":false,"pivot":{"x":-137.01258850097657,"y":45.66603469848633,"z":-121.50299072265625},"rotation":{"x":0.2759115695953369,"y":0.28374603390693667,"z":-0.08545602113008499,"w":0.9150702357292175},"size":78.95979309082031,"orthographic":false}