{"cameraMode":{"drawMode":0,"name":"Shaded","section":"Shading Mode"},"sceneLighting":true,"audioPlay":false,"sceneViewState":{"showFog":true,"showMaterialUpdate":true,"showSkybox":false,"showFlares":true,"showImageEffects":true,"showParticleSystems":true},"in2DMode":false,"pivot":{"x":-101.86773681640625,"y":35.18122100830078,"z":-103.27774047851563},"rotation":{"x":0.047488681972026828,"y":0.9419392943382263,"z":-0.2951042950153351,"w":0.15744560956954957},"size":12.368057250976563,"orthographic":false}