{"cameraMode":{"drawMode":0,"name":"Shaded","section":"Shading Mode"},"sceneLighting":false,"audioPlay":false,"sceneViewState":{"showFog":true,"showMaterialUpdate":true,"showSkybox":false,"showFlares":true,"showImageEffects":true,"showParticleSystems":true},"in2DMode":false,"pivot":{"x":-0.0238114595413208,"y":1.004486083984375,"z":0.014685630798339844},"rotation":{"x":-0.05533495172858238,"y":-0.23731842637062074,"z":-0.01354927197098732,"w":0.9697702527046204},"size":2.4111764430999758,"orthographic":false}