{"cameraMode":{"drawMode":0,"name":"Shaded","section":"Shading Mode"},"sceneLighting":false,"audioPlay":false,"sceneViewState":{"showFog":true,"showMaterialUpdate":true,"showSkybox":false,"showFlares":true,"showImageEffects":true,"showParticleSystems":true},"in2DMode":false,"pivot":{"x":0.3324894905090332,"y":3.7221059799194338,"z":-0.40507376194000246},"rotation":{"x":-0.029194945469498636,"y":-0.6938657760620117,"z":-0.027612915262579919,"w":0.7193452715873718},"size":11.111120223999024,"orthographic":false}