{"cameraMode":{"drawMode":0,"name":"Shaded","section":"Shading Mode"},"sceneLighting":true,"audioPlay":false,"sceneViewState":{"showFog":true,"showMaterialUpdate":true,"showSkybox":false,"showFlares":true,"showImageEffects":true,"showParticleSystems":true},"in2DMode":false,"pivot":{"x":-101.96839904785156,"y":36.812171936035159,"z":-103.4400405883789},"rotation":{"x":-0.026070132851600648,"y":0.36245205998420718,"z":-0.008382262662053109,"w":-0.9323566555976868},"size":11.390469551086426,"orthographic":false}