{"cameraMode":{"drawMode":0,"name":"Shaded","section":"Shading Mode"},"sceneLighting":false,"audioPlay":false,"sceneViewState":{"showFog":true,"showMaterialUpdate":true,"showSkybox":false,"showFlares":true,"showImageEffects":true,"showParticleSystems":true},"in2DMode":false,"pivot":{"x":-150.03958129882813,"y":33.481666564941409,"z":-135.30999755859376},"rotation":{"x":0.08956844359636307,"y":-0.5823589563369751,"z":-0.06725222617387772,"w":-0.8056485056877136},"size":1.5041959285736085,"orthographic":false}