{"cameraMode":{"drawMode":0,"name":"Shaded","section":"Shading Mode"},"sceneLighting":false,"audioPlay":false,"sceneViewState":{"showFog":true,"showMaterialUpdate":true,"showSkybox":false,"showFlares":true,"showImageEffects":true,"showParticleSystems":true},"in2DMode":false,"pivot":{"x":0.15433019399642945,"y":1.2285830974578858,"z":0.19003450870513917},"rotation":{"x":-0.043493084609508517,"y":0.9545760154724121,"z":-0.16185997426509858,"w":-0.2480820119380951},"size":1.2578668594360352,"orthographic":false}