{"cameraMode":{"drawMode":0,"name":"Shaded","section":"Shading Mode"},"sceneLighting":false,"audioPlay":false,"sceneViewState":{"showFog":true,"showMaterialUpdate":true,"showSkybox":false,"showFlares":true,"showImageEffects":true,"showParticleSystems":true},"in2DMode":false,"pivot":{"x":45.57914733886719,"y":58.099998474121097,"z":-48.76736068725586},"rotation":{"x":0.05523959919810295,"y":0.7123988270759583,"z":-0.0554422102868557,"w":0.6978179216384888},"size":2.373340606689453,"orthographic":false}