{"cameraMode":{"drawMode":0,"name":"Shaded","section":"Shading Mode"},"sceneLighting":false,"audioPlay":false,"sceneViewState":{"showFog":true,"showMaterialUpdate":true,"showSkybox":false,"showFlares":true,"showImageEffects":true,"showParticleSystems":true},"in2DMode":false,"pivot":{"x":0.16259992122650147,"y":-0.02869546413421631,"z":0.6313586831092835},"rotation":{"x":0.014749993570148945,"y":-0.9823487997055054,"z":0.16993629932403565,"w":0.08335363864898682},"size":1.9391469955444337,"orthographic":false}