{"cameraMode":{"drawMode":0,"name":"Shaded","section":"Shading Mode"},"sceneLighting":false,"audioPlay":false,"sceneViewState":{"showFog":true,"showMaterialUpdate":true,"showSkybox":false,"showFlares":true,"showImageEffects":true,"showParticleSystems":true},"in2DMode":false,"pivot":{"x":-148.15211486816407,"y":33.64570617675781,"z":-135.78538513183595},"rotation":{"x":-0.16143648326396943,"y":-0.7228423953056336,"z":0.1828758716583252,"w":-0.6471410989761353},"size":0.5259286165237427,"orthographic":false}