{"cameraMode":{"drawMode":0,"name":"Shaded","section":"Shading Mode"},"sceneLighting":false,"audioPlay":false,"sceneViewState":{"showFog":true,"showMaterialUpdate":true,"showSkybox":false,"showFlares":true,"showImageEffects":true,"showParticleSystems":true},"in2DMode":false,"pivot":{"x":-0.10312958061695099,"y":0.04381191357970238,"z":0.036556534469127658},"rotation":{"x":0.15895727276802064,"y":0.10198739171028137,"z":-0.016517478972673417,"w":0.9818728566169739},"size":1.8111766576766968,"orthographic":false}