{"cameraMode":{"drawMode":0,"name":"Shaded","section":"Shading Mode"},"sceneLighting":false,"audioPlay":false,"sceneViewState":{"showFog":true,"showMaterialUpdate":true,"showSkybox":false,"showFlares":true,"showImageEffects":true,"showParticleSystems":true},"in2DMode":false,"pivot":{"x":58.395851135253909,"y":9.05000114440918,"z":92.89707946777344},"rotation":{"x":-0.0976908877491951,"y":-0.026645483449101449,"z":0.0026470546144992115,"w":-0.995476245880127},"size":29.61484718322754,"orthographic":false}