{"cameraMode":{"drawMode":0,"name":"Shaded","section":"Shading Mode"},"sceneLighting":false,"audioPlay":false,"sceneViewState":{"showFog":true,"showMaterialUpdate":true,"showSkybox":false,"showFlares":true,"showImageEffects":true,"showParticleSystems":true},"in2DMode":false,"pivot":{"x":22.33193588256836,"y":1.2918758392333985,"z":51.33477020263672},"rotation":{"x":-0.1943759024143219,"y":-0.16593872010707856,"z":0.03298764303326607,"w":-0.9669175148010254},"size":1.5339213609695435,"orthographic":false}