{"cameraMode":{"drawMode":0,"name":"Shaded","section":"Shading Mode"},"sceneLighting":false,"audioPlay":false,"sceneViewState":{"showFog":true,"showMaterialUpdate":true,"showSkybox":false,"showFlares":true,"showImageEffects":true,"showParticleSystems":true},"in2DMode":false,"pivot":{"x":59.7995719909668,"y":3.859888792037964,"z":95.11840057373047},"rotation":{"x":-0.0012231817236170173,"y":0.44395291805267336,"z":0.00018455524696037173,"w":0.8967508673667908},"size":3.973684072494507,"orthographic":false}