{"cameraMode":{"drawMode":0,"name":"Shaded","section":"Shading Mode"},"sceneLighting":false,"audioPlay":false,"sceneViewState":{"showFog":true,"showMaterialUpdate":true,"showSkybox":false,"showFlares":true,"showImageEffects":true,"showParticleSystems":true},"in2DMode":false,"pivot":{"x":-150.03958129882813,"y":33.481666564941409,"z":-135.30999755859376},"rotation":{"x":-0.13621322810649873,"y":0.04519416019320488,"z":-0.008144252002239228,"w":-0.9899948239326477},"size":1.3578839302062989,"orthographic":false}