{"cameraMode":{"drawMode":0,"name":"Shaded","section":"Shading Mode"},"sceneLighting":false,"audioPlay":false,"sceneViewState":{"showFog":true,"showMaterialUpdate":true,"showSkybox":true,"showFlares":true,"showImageEffects":true,"showParticleSystems":true},"in2DMode":false,"pivot":{"x":-168.79847717285157,"y":-11.8717041015625,"z":-50.3660888671875},"rotation":{"x":0.2000458687543869,"y":0.01693343184888363,"z":-0.0034182067029178144,"w":0.9801949262619019},"size":233.9036865234375,"orthographic":false}