{"cameraMode":{"drawMode":0,"name":"Shaded","section":"Shading Mode"},"sceneLighting":false,"audioPlay":false,"sceneViewState":{"showFog":true,"showMaterialUpdate":true,"showSkybox":false,"showFlares":true,"showImageEffects":true,"showParticleSystems":true},"in2DMode":false,"pivot":{"x":-0.00008499622344970703,"y":-0.6547675132751465,"z":0.3049371838569641},"rotation":{"x":0.0831393152475357,"y":-0.6803724765777588,"z":0.07820873707532883,"w":0.7247700095176697},"size":2.0604867935180666,"orthographic":false}