{"cameraMode":{"drawMode":0,"name":"Shaded","section":"Shading Mode"},"sceneLighting":false,"audioPlay":false,"sceneViewState":{"showFog":true,"showMaterialUpdate":true,"showSkybox":true,"showFlares":true,"showImageEffects":true,"showParticleSystems":true},"in2DMode":false,"pivot":{"x":-149.42929077148438,"y":36.303985595703128,"z":-138.17271423339845},"rotation":{"x":0.045934244990348819,"y":-0.9161912202835083,"z":0.10935048013925553,"w":0.38418203592300417},"size":16.55565071105957,"orthographic":false}