{"cameraMode":{"drawMode":0,"name":"Shaded","section":"Shading Mode"},"sceneLighting":false,"audioPlay":false,"sceneViewState":{"showFog":true,"showMaterialUpdate":true,"showSkybox":false,"showFlares":true,"showImageEffects":true,"showParticleSystems":true},"in2DMode":false,"pivot":{"x":-147.67205810546876,"y":37.942962646484378,"z":-133.593017578125},"rotation":{"x":-0.3204057812690735,"y":-0.167743518948555,"z":0.05952291935682297,"w":-0.9308069944381714},"size":4.143586158752441,"orthographic":false}