{"cameraMode":{"drawMode":0,"name":"Shaded","section":"Shading Mode"},"sceneLighting":false,"audioPlay":false,"sceneViewState":{"showFog":true,"showMaterialUpdate":true,"showSkybox":true,"showFlares":true,"showImageEffects":true,"showParticleSystems":true},"in2DMode":false,"pivot":{"x":-148.2550048828125,"y":33.14076232910156,"z":-140.15005493164063},"rotation":{"x":-0.24678204953670503,"y":0.2511056363582611,"z":-0.06653546541929245,"w":-0.9341712594032288},"size":9.98839282989502,"orthographic":false}