{"cameraMode":{"drawMode":0,"name":"Shaded","section":"Shading Mode"},"sceneLighting":false,"audioPlay":false,"sceneViewState":{"showFog":true,"showMaterialUpdate":true,"showSkybox":false,"showFlares":true,"showImageEffects":true,"showParticleSystems":true},"in2DMode":false,"pivot":{"x":-141.9920654296875,"y":34.547183990478519,"z":-119.1277847290039},"rotation":{"x":-0.09906041622161865,"y":-0.03603038936853409,"z":0.005521304905414581,"w":-0.9948251843452454},"size":4.670327186584473,"orthographic":false}