{"cameraMode":{"drawMode":0,"name":"Shaded","section":"Shading Mode"},"sceneLighting":false,"audioPlay":false,"sceneViewState":{"showFog":true,"showMaterialUpdate":true,"showSkybox":false,"showFlares":true,"showImageEffects":true,"showParticleSystems":true},"in2DMode":false,"pivot":{"x":-148.9820556640625,"y":34.54999923706055,"z":-136.1199951171875},"rotation":{"x":0.018595730885863305,"y":0.617489755153656,"z":-0.01570538990199566,"w":0.7866564989089966},"size":6.757885456085205,"orthographic":false}