{"cameraMode":{"drawMode":0,"name":"Shaded","section":"Shading Mode"},"sceneLighting":true,"audioPlay":false,"sceneViewState":{"showFog":true,"showMaterialUpdate":true,"showSkybox":false,"showFlares":true,"showImageEffects":true,"showParticleSystems":true},"in2DMode":false,"pivot":{"x":-101.64909362792969,"y":35.030845642089847,"z":-103.27774047851563},"rotation":{"x":-0.24583612382411958,"y":-0.32332760095596316,"z":0.08896768093109131,"w":-0.9102253913879395},"size":267.18927001953127,"orthographic":false}