{"cameraMode":{"drawMode":0,"name":"Shaded","section":"Shading Mode"},"sceneLighting":false,"audioPlay":false,"sceneViewState":{"showFog":true,"showMaterialUpdate":true,"showSkybox":false,"showFlares":true,"showImageEffects":true,"showParticleSystems":true},"in2DMode":false,"pivot":{"x":-147.67205810546876,"y":37.942962646484378,"z":-133.593017578125},"rotation":{"x":-0.1445222645998001,"y":0.5046055316925049,"z":-0.0860067680478096,"w":-0.8472865223884583},"size":1.362128496170044,"orthographic":false}