{"cameraMode":{"drawMode":0,"name":"Shaded","section":"Shading Mode"},"sceneLighting":false,"audioPlay":false,"sceneViewState":{"showFog":true,"showMaterialUpdate":true,"showSkybox":false,"showFlares":true,"showImageEffects":true,"showParticleSystems":true},"in2DMode":false,"pivot":{"x":-147.49615478515626,"y":34.8763427734375,"z":-141.70761108398438},"rotation":{"x":0.1535927802324295,"y":0.6923019886016846,"z":-0.15417593717575074,"w":0.6884229779243469},"size":8.985936164855957,"orthographic":false}