{"cameraMode":{"drawMode":0,"name":"Shaded","section":"Shading Mode"},"sceneLighting":false,"audioPlay":false,"sceneViewState":{"showFog":true,"showMaterialUpdate":true,"showSkybox":false,"showFlares":true,"showImageEffects":true,"showParticleSystems":true},"in2DMode":false,"pivot":{"x":-148.9820556640625,"y":34.54999923706055,"z":-136.1199951171875},"rotation":{"x":-0.1062445268034935,"y":0.2806108593940735,"z":0.03036375530064106,"w":0.9538158178329468},"size":3.6687448024749758,"orthographic":false}