{"cameraMode":{"drawMode":0,"name":"Shaded","section":"Shading Mode"},"sceneLighting":false,"audioPlay":false,"sceneViewState":{"showFog":true,"showMaterialUpdate":true,"showSkybox":false,"showFlares":true,"showImageEffects":true,"showParticleSystems":true},"in2DMode":false,"pivot":{"x":-144.7740478515625,"y":33.006568908691409,"z":-135.3138427734375},"rotation":{"x":-0.1788501739501953,"y":0.7330385446548462,"z":-0.20616377890110017,"w":-0.6236419677734375},"size":2.747023344039917,"orthographic":false}