{"cameraMode":{"drawMode":0,"name":"Shaded","section":"Shading Mode"},"sceneLighting":false,"audioPlay":false,"sceneViewState":{"showFog":true,"showMaterialUpdate":true,"showSkybox":false,"showFlares":true,"showImageEffects":true,"showParticleSystems":true},"in2DMode":false,"pivot":{"x":-142.3965606689453,"y":34.14201736450195,"z":-119.65787506103516},"rotation":{"x":-0.02547113411128521,"y":0.2592066526412964,"z":-0.004728770814836025,"w":-0.9659100770950317},"size":4.247897148132324,"orthographic":false}