{"cameraMode":{"drawMode":0,"name":"Shaded","section":"Shading Mode"},"sceneLighting":false,"audioPlay":false,"sceneViewState":{"showFog":true,"showMaterialUpdate":true,"showSkybox":false,"showFlares":true,"showImageEffects":true,"showParticleSystems":true},"in2DMode":false,"pivot":{"x":-147.02999877929688,"y":36.31999969482422,"z":-144.8699951171875},"rotation":{"x":0.10194483399391175,"y":-0.08387390524148941,"z":0.007072192616760731,"w":0.9916000366210938},"size":2.5578837394714357,"orthographic":false}