{"cameraMode":{"drawMode":0,"name":"Shaded","section":"Shading Mode"},"sceneLighting":false,"audioPlay":false,"sceneViewState":{"showFog":true,"showMaterialUpdate":true,"showSkybox":false,"showFlares":true,"showImageEffects":true,"showParticleSystems":true},"in2DMode":false,"pivot":{"x":-150.03958129882813,"y":33.481666564941409,"z":-135.30999755859376},"rotation":{"x":0.0066082775592803959,"y":-0.49148598313331606,"z":-0.005960695445537567,"w":-0.8712736964225769},"size":1.5850083827972413,"orthographic":false}