{"cameraMode":{"drawMode":0,"name":"Shaded","section":"Shading Mode"},"sceneLighting":false,"audioPlay":false,"sceneViewState":{"showFog":true,"showMaterialUpdate":true,"showSkybox":false,"showFlares":true,"showImageEffects":true,"showParticleSystems":true},"in2DMode":false,"pivot":{"x":176.5757598876953,"y":17.764999389648439,"z":35.452308654785159},"rotation":{"x":0.06935562938451767,"y":0.7596105933189392,"z":0.08023068308830261,"w":-0.6426776051521301},"size":72.28111267089844,"orthographic":false}