{"cameraMode":{"drawMode":0,"name":"Shaded","section":"Shading Mode"},"sceneLighting":false,"audioPlay":false,"sceneViewState":{"showFog":true,"showMaterialUpdate":true,"showSkybox":true,"showFlares":true,"showImageEffects":true,"showParticleSystems":true},"in2DMode":false,"pivot":{"x":-140.54122924804688,"y":33.91644287109375,"z":-111.53559112548828},"rotation":{"x":-0.13455623388290406,"y":-0.16196630895137788,"z":0.022706346586346628,"w":-0.9777946472167969},"size":37.79959487915039,"orthographic":false}