{"cameraMode":{"drawMode":0,"name":"Shaded","section":"Shading Mode"},"sceneLighting":false,"audioPlay":false,"sceneViewState":{"showFog":true,"showMaterialUpdate":true,"showSkybox":false,"showFlares":true,"showImageEffects":true,"showParticleSystems":true},"in2DMode":false,"pivot":{"x":0.5604400634765625,"y":1.7415924072265626,"z":-3.758697509765625},"rotation":{"x":0.1535927802324295,"y":0.6923019886016846,"z":-0.15417593717575074,"w":0.6884229779243469},"size":22.0,"orthographic":false}