{"cameraMode":{"drawMode":0,"name":"Shaded","section":"Shading Mode"},"sceneLighting":false,"audioPlay":false,"sceneViewState":{"showFog":true,"showMaterialUpdate":true,"showSkybox":false,"showFlares":true,"showImageEffects":true,"showParticleSystems":true},"in2DMode":false,"pivot":{"x":-147.26095581054688,"y":35.41693115234375,"z":-136.20584106445313},"rotation":{"x":-0.04677463322877884,"y":-0.024317799136042596,"z":0.0024295642506331207,"w":-0.998995304107666},"size":13.67145824432373,"orthographic":false}