{"cameraMode":{"drawMode":0,"name":"Shaded","section":"Shading Mode"},"sceneLighting":false,"audioPlay":false,"sceneViewState":{"showFog":true,"showMaterialUpdate":true,"showSkybox":false,"showFlares":true,"showImageEffects":true,"showParticleSystems":true},"in2DMode":false,"pivot":{"x":-146.9539031982422,"y":32.749427795410159,"z":-137.2847137451172},"rotation":{"x":0.018208952620625497,"y":-0.8584578633308411,"z":0.0279405415058136,"w":0.5125097036361694},"size":1.3840911388397217,"orthographic":false}