{"cameraMode":{"drawMode":0,"name":"Shaded","section":"Shading Mode"},"sceneLighting":false,"audioPlay":false,"sceneViewState":{"showFog":true,"showMaterialUpdate":true,"showSkybox":false,"showFlares":true,"showImageEffects":true,"showParticleSystems":true},"in2DMode":false,"pivot":{"x":46.09806442260742,"y":57.86283874511719,"z":-48.950313568115237},"rotation":{"x":0.0016543625388294459,"y":0.7522978186607361,"z":-0.0009685711702331901,"w":0.659272313117981},"size":1.8449592590332032,"orthographic":false}