{"cameraMode":{"drawMode":0,"name":"Shaded","section":"Shading Mode"},"sceneLighting":false,"audioPlay":false,"sceneViewState":{"showFog":true,"showMaterialUpdate":true,"showSkybox":false,"showFlares":true,"showImageEffects":true,"showParticleSystems":true},"in2DMode":false,"pivot":{"x":0.13513979315757752,"y":0.8006511926651001,"z":-0.3076815605163574},"rotation":{"x":0.00730068888515234,"y":-0.9828512072563171,"z":0.18370433151721955,"w":0.0323089100420475},"size":1.9938852787017823,"orthographic":false}