{"cameraMode":{"drawMode":0,"name":"Shaded","section":"Shading Mode"},"sceneLighting":false,"audioPlay":false,"sceneViewState":{"showFog":true,"showMaterialUpdate":true,"showSkybox":false,"showFlares":true,"showImageEffects":true,"showParticleSystems":true},"in2DMode":false,"pivot":{"x":0.40230000019073489,"y":0.8216999769210815,"z":-0.037699997425079349},"rotation":{"x":-0.15401078760623933,"y":0.20721793174743653,"z":-0.03166162967681885,"w":-0.9659832119941711},"size":2.5738165378570558,"orthographic":false}