{"cameraMode":{"drawMode":0,"name":"Shaded","section":"Shading Mode"},"sceneLighting":true,"audioPlay":false,"sceneViewState":{"showFog":true,"showMaterialUpdate":true,"showSkybox":true,"showFlares":true,"showImageEffects":true,"showParticleSystems":true},"in2DMode":false,"pivot":{"x":386.51116943359377,"y":121.04763793945313,"z":-1.07763671875},"rotation":{"x":-0.03333878144621849,"y":0.012239940464496613,"z":-0.00005470779069582932,"w":-1.0000016689300538},"size":796.3223876953125,"orthographic":false}