{"cameraMode":{"drawMode":0,"name":"Shaded","section":"Shading Mode"},"sceneLighting":true,"audioPlay":false,"sceneViewState":{"showFog":true,"showMaterialUpdate":true,"showSkybox":true,"showFlares":true,"showImageEffects":true,"showParticleSystems":true},"in2DMode":false,"pivot":{"x":-106.29276275634766,"y":15.304962158203125,"z":-68.09956359863281},"rotation":{"x":0.17972463369369508,"y":0.26466360688209536,"z":-0.05092239752411842,"w":0.9465358853340149},"size":171.91859436035157,"orthographic":false}