{"cameraMode":{"drawMode":0,"name":"Shaded","section":"Shading Mode"},"sceneLighting":false,"audioPlay":false,"sceneViewState":{"showFog":true,"showMaterialUpdate":true,"showSkybox":false,"showFlares":true,"showImageEffects":true,"showParticleSystems":true},"in2DMode":false,"pivot":{"x":-150.03958129882813,"y":33.481666564941409,"z":-135.30999755859376},"rotation":{"x":-0.08113241195678711,"y":0.30236008763313296,"z":-0.02780887670814991,"w":-0.9497236609458923},"size":187.33428955078126,"orthographic":false}