{"cameraMode":{"drawMode":0,"name":"Shaded","section":"Shading Mode"},"sceneLighting":false,"audioPlay":false,"sceneViewState":{"showFog":true,"showMaterialUpdate":true,"showSkybox":false,"showFlares":true,"showImageEffects":true,"showParticleSystems":true},"in2DMode":false,"pivot":{"x":0.0,"y":0.001214105635881424,"z":-0.5111160278320313},"rotation":{"x":0.18666349351406098,"y":-0.043522778898477557,"z":0.0068629225715994839,"w":0.9818078279495239},"size":0.8266301155090332,"orthographic":false}