{"cameraMode":{"drawMode":0,"name":"Shaded","section":"Shading Mode"},"sceneLighting":false,"audioPlay":false,"sceneViewState":{"showFog":true,"showMaterialUpdate":true,"showSkybox":false,"showFlares":true,"showImageEffects":true,"showParticleSystems":true},"in2DMode":false,"pivot":{"x":-2.287768840789795,"y":-0.09637223184108734,"z":2.106868267059326},"rotation":{"x":-0.208044171333313,"y":0.08750499039888382,"z":-0.019037321209907533,"w":-0.9746965765953064},"size":1.533919095993042,"orthographic":false}