{"cameraMode":{"drawMode":0,"name":"Shaded","section":"Shading Mode"},"sceneLighting":true,"audioPlay":false,"sceneViewState":{"showFog":true,"showMaterialUpdate":true,"showSkybox":false,"showFlares":true,"showImageEffects":true,"showParticleSystems":true},"in2DMode":false,"pivot":{"x":-101.86773681640625,"y":35.18122100830078,"z":-103.27774047851563},"rotation":{"x":-0.03962918743491173,"y":-0.33319053053855898,"z":0.014923450537025929,"w":-0.9426339864730835},"size":12.368057250976563,"orthographic":false}