{"cameraMode":{"drawMode":0,"name":"Shaded","section":"Shading Mode"},"sceneLighting":true,"audioPlay":false,"sceneViewState":{"showFog":true,"showMaterialUpdate":true,"showSkybox":true,"showFlares":true,"showImageEffects":true,"showParticleSystems":true},"in2DMode":false,"pivot":{"x":-167.38121032714845,"y":-7.069764137268066,"z":-257.5816345214844},"rotation":{"x":-0.004443928133696318,"y":-0.10177838057279587,"z":0.0039601922035217289,"w":-0.9955405592918396},"size":193.179443359375,"orthographic":false}