{"cameraMode":{"drawMode":0,"name":"Shaded","section":"Shading Mode"},"sceneLighting":false,"audioPlay":false,"sceneViewState":{"showFog":true,"showMaterialUpdate":true,"showSkybox":false,"showFlares":true,"showImageEffects":true,"showParticleSystems":true},"in2DMode":false,"pivot":{"x":-148.15211486816407,"y":33.64570617675781,"z":-135.78538513183595},"rotation":{"x":-0.10452873259782791,"y":-0.8430757522583008,"z":0.1808212548494339,"w":-0.49638643860816958},"size":318.593994140625,"orthographic":false}