{"cameraMode":{"drawMode":0,"name":"Shaded","section":"Shading Mode"},"sceneLighting":false,"audioPlay":false,"sceneViewState":{"showFog":true,"showMaterialUpdate":true,"showSkybox":false,"showFlares":true,"showImageEffects":true,"showParticleSystems":true},"in2DMode":false,"pivot":{"x":0.10284101963043213,"y":-0.08130744099617005,"z":0.05569291114807129},"rotation":{"x":0.1896190494298935,"y":0.6313112378120422,"z":-0.16475903987884522,"w":0.7342300415039063},"size":1.5740876197814942,"orthographic":false}