{"cameraMode":{"drawMode":0,"name":"Shaded","section":"Shading Mode"},"sceneLighting":false,"audioPlay":false,"sceneViewState":{"showFog":true,"showMaterialUpdate":true,"showSkybox":false,"showFlares":true,"showImageEffects":true,"showParticleSystems":true},"in2DMode":false,"pivot":{"x":-0.05005687475204468,"y":1.2349674701690674,"z":0.18230772018432618},"rotation":{"x":0.04849165305495262,"y":-0.885330319404602,"z":0.09164302796125412,"w":0.4541427493095398},"size":7.726068496704102,"orthographic":false}