{"cameraMode":{"drawMode":0,"name":"Shaded","section":"Shading Mode"},"sceneLighting":false,"audioPlay":false,"sceneViewState":{"showFog":true,"showMaterialUpdate":true,"showSkybox":false,"showFlares":true,"showImageEffects":true,"showParticleSystems":true},"in2DMode":false,"pivot":{"x":0.4428248405456543,"y":0.8550044298171997,"z":-0.052931785583496097},"rotation":{"x":-0.10632471740245819,"y":0.3387466371059418,"z":-0.03715934231877327,"w":-0.9345312118530273},"size":10.789900779724121,"orthographic":false}