{"cameraMode":{"drawMode":0,"name":"Shaded","section":"Shading Mode"},"sceneLighting":false,"audioPlay":false,"sceneViewState":{"showFog":true,"showMaterialUpdate":true,"showSkybox":false,"showFlares":true,"showImageEffects":true,"showParticleSystems":true},"in2DMode":false,"pivot":{"x":-0.1764078140258789,"y":3.968667507171631,"z":-0.04970836639404297},"rotation":{"x":0.01306870672851801,"y":-0.9564155340194702,"z":0.04341045767068863,"w":0.29059746861457827},"size":31.019922256469728,"orthographic":false}