{"cameraMode":{"drawMode":0,"name":"Shaded","section":"Shading Mode"},"sceneLighting":false,"audioPlay":false,"sceneViewState":{"showFog":true,"showMaterialUpdate":true,"showSkybox":false,"showFlares":true,"showImageEffects":true,"showParticleSystems":true},"in2DMode":false,"pivot":{"x":45.4619026184082,"y":58.38923263549805,"z":-48.678733825683597},"rotation":{"x":-0.09657558053731919,"y":-0.26711729168891909,"z":0.028513997793197633,"w":-0.9587734937667847},"size":7.893141746520996,"orthographic":false}