{"cameraMode":{"drawMode":0,"name":"Shaded","section":"Shading Mode"},"sceneLighting":true,"audioPlay":false,"sceneViewState":{"showFog":true,"showMaterialUpdate":true,"showSkybox":true,"showFlares":true,"showImageEffects":true,"showParticleSystems":true},"in2DMode":false,"pivot":{"x":-157.45164489746095,"y":36.33795928955078,"z":-143.8906707763672},"rotation":{"x":-0.05702754482626915,"y":0.9150252342224121,"z":-0.13857430219650269,"w":-0.37617582082748415},"size":27.262983322143556,"orthographic":false}