{"cameraMode":{"drawMode":0,"name":"Shaded","section":"Shading Mode"},"sceneLighting":false,"audioPlay":false,"sceneViewState":{"showFog":true,"showMaterialUpdate":true,"showSkybox":false,"showFlares":true,"showImageEffects":true,"showParticleSystems":true},"in2DMode":false,"pivot":{"x":4.0978193283081057e-8,"y":0.2935808002948761,"z":-7.450580596923828e-9},"rotation":{"x":-0.06710420548915863,"y":-0.038269296288490298,"z":-0.00248354347422719,"w":0.997285783290863},"size":1.2968244552612305,"orthographic":false}