{"cameraMode":{"drawMode":0,"name":"Shaded","section":"Shading Mode"},"sceneLighting":false,"audioPlay":false,"sceneViewState":{"showFog":true,"showMaterialUpdate":true,"showSkybox":false,"showFlares":true,"showImageEffects":true,"showParticleSystems":true},"in2DMode":false,"pivot":{"x":-0.05005687475204468,"y":1.2349674701690674,"z":0.18230772018432618},"rotation":{"x":-0.014262864366173745,"y":-0.9348610639572144,"z":0.04145665839314461,"w":-0.3534395694732666},"size":4.926462173461914,"orthographic":false}