{"cameraMode":{"drawMode":0,"name":"Shaded","section":"Shading Mode"},"sceneLighting":true,"audioPlay":false,"sceneViewState":{"showFog":true,"showMaterialUpdate":true,"showSkybox":true,"showFlares":true,"showImageEffects":true,"showParticleSystems":true},"in2DMode":false,"pivot":{"x":-192.7167510986328,"y":26.59177017211914,"z":-161.05824279785157},"rotation":{"x":-0.10454012453556061,"y":-0.5424133539199829,"z":0.06776198744773865,"w":-0.8316274881362915},"size":28.068483352661134,"orthographic":false}