{"cameraMode":{"drawMode":0,"name":"Shaded","section":"Shading Mode"},"sceneLighting":true,"audioPlay":false,"sceneViewState":{"showFog":true,"showMaterialUpdate":true,"showSkybox":false,"showFlares":true,"showImageEffects":true,"showParticleSystems":true},"in2DMode":false,"pivot":{"x":-101.77606201171875,"y":35.15275573730469,"z":-103.9902114868164},"rotation":{"x":0.014504995197057724,"y":-0.7388553023338318,"z":-0.014776705764234066,"w":-0.6746044754981995},"size":11.59347152709961,"orthographic":false}