{"cameraMode":{"drawMode":0,"name":"Shaded","section":"Shading Mode"},"sceneLighting":false,"audioPlay":false,"sceneViewState":{"showFog":true,"showMaterialUpdate":true,"showSkybox":false,"showFlares":true,"showImageEffects":true,"showParticleSystems":true},"in2DMode":false,"pivot":{"x":58.47623062133789,"y":-13.369124412536621,"z":125.80193328857422},"rotation":{"x":-0.1943759024143219,"y":-0.16593872010707856,"z":0.03298764303326607,"w":-0.9669175148010254},"size":1.5339089632034302,"orthographic":false}