{"cameraMode":{"drawMode":0,"name":"Shaded","section":"Shading Mode"},"sceneLighting":false,"audioPlay":false,"sceneViewState":{"showFog":true,"showMaterialUpdate":true,"showSkybox":false,"showFlares":true,"showImageEffects":true,"showParticleSystems":true},"in2DMode":false,"pivot":{"x":-148.9820556640625,"y":34.54999923706055,"z":-136.1199951171875},"rotation":{"x":-0.08020006120204926,"y":0.7403172850608826,"z":0.08851028978824616,"w":0.6621015667915344},"size":1.3578839302062989,"orthographic":false}