{"cameraMode":{"drawMode":0,"name":"Shaded","section":"Shading Mode"},"sceneLighting":false,"audioPlay":false,"sceneViewState":{"showFog":true,"showMaterialUpdate":true,"showSkybox":false,"showFlares":true,"showImageEffects":true,"showParticleSystems":true},"in2DMode":false,"pivot":{"x":-141.84954833984376,"y":34.2599983215332,"z":-119.07893371582031},"rotation":{"x":-0.2798956334590912,"y":0.28816840052604678,"z":-0.08690407872200012,"w":-0.9120640754699707},"size":4.201725482940674,"orthographic":false}