{"cameraMode":{"drawMode":0,"name":"Shaded","section":"Shading Mode"},"sceneLighting":false,"audioPlay":false,"sceneViewState":{"showFog":true,"showMaterialUpdate":true,"showSkybox":false,"showFlares":true,"showImageEffects":true,"showParticleSystems":true},"in2DMode":false,"pivot":{"x":-146.8655548095703,"y":35.857086181640628,"z":-144.66622924804688},"rotation":{"x":0.2130759209394455,"y":-0.047437041997909549,"z":0.008785714395344258,"w":0.9762355089187622},"size":3.704552412033081,"orthographic":false}