{"cameraMode":{"drawMode":0,"name":"Shaded","section":"Shading Mode"},"sceneLighting":true,"audioPlay":false,"sceneViewState":{"showFog":true,"showMaterialUpdate":true,"showSkybox":true,"showFlares":true,"showImageEffects":true,"showParticleSystems":true},"in2DMode":false,"pivot":{"x":-147.34425354003907,"y":35.19300079345703,"z":-135.87103271484376},"rotation":{"x":-0.07075181603431702,"y":-0.018269643187522889,"z":0.002581261796876788,"w":-0.9977173209190369},"size":13.757868766784668,"orthographic":false}