{"cameraMode":{"drawMode":0,"name":"Shaded","section":"Shading Mode"},"sceneLighting":true,"audioPlay":false,"sceneViewState":{"showFog":true,"showMaterialUpdate":true,"showSkybox":true,"showFlares":true,"showImageEffects":true,"showParticleSystems":true},"in2DMode":false,"pivot":{"x":-149.98138427734376,"y":39.51936721801758,"z":-136.9095916748047},"rotation":{"x":-0.0033485502935945989,"y":0.020611489191651346,"z":0.0013386646751314402,"w":-1.0001728534698487},"size":10.403663635253907,"orthographic":false}