{"cameraMode":{"drawMode":0,"name":"Shaded","section":"Shading Mode"},"sceneLighting":false,"audioPlay":false,"sceneViewState":{"showFog":true,"showMaterialUpdate":true,"showSkybox":false,"showFlares":true,"showImageEffects":true,"showParticleSystems":true},"in2DMode":false,"pivot":{"x":-143.1425323486328,"y":37.96967315673828,"z":-136.08206176757813},"rotation":{"x":-0.055774006992578509,"y":-0.01979965530335903,"z":0.002445987891405821,"w":-0.998633623123169},"size":55.40574264526367,"orthographic":false}