{"cameraMode":{"drawMode":0,"name":"Shaded","section":"Shading Mode"},"sceneLighting":false,"audioPlay":false,"sceneViewState":{"showFog":true,"showMaterialUpdate":true,"showSkybox":false,"showFlares":true,"showImageEffects":true,"showParticleSystems":true},"in2DMode":false,"pivot":{"x":-147.26095581054688,"y":35.41693115234375,"z":-136.20584106445313},"rotation":{"x":-0.14236599206924439,"y":-0.01059834472835064,"z":0.0028881763573735954,"w":-0.9901451468467712},"size":18.30286979675293,"orthographic":false}