{"cameraMode":{"drawMode":0,"name":"Shaded","section":"Shading Mode"},"sceneLighting":true,"audioPlay":false,"sceneViewState":{"showFog":true,"showMaterialUpdate":true,"showSkybox":true,"showFlares":true,"showImageEffects":true,"showParticleSystems":true},"in2DMode":false,"pivot":{"x":372.2529602050781,"y":167.0467529296875,"z":-25.92474365234375},"rotation":{"x":-0.028830526396632196,"y":-0.010244717821478844,"z":0.0007577229989692569,"w":-1.0001499652862549},"size":637.2203979492188,"orthographic":false}