{"cameraMode":{"drawMode":0,"name":"Shaded","section":"Shading Mode"},"sceneLighting":false,"audioPlay":false,"sceneViewState":{"showFog":true,"showMaterialUpdate":true,"showSkybox":false,"showFlares":true,"showImageEffects":true,"showParticleSystems":true},"in2DMode":false,"pivot":{"x":-148.1540069580078,"y":33.6879997253418,"z":-135.76614379882813},"rotation":{"x":0.18346333503723145,"y":-0.731896162033081,"z":0.21360763907432557,"w":0.6211632490158081},"size":0.7578839659690857,"orthographic":false}