{"cameraMode":{"drawMode":0,"name":"Shaded","section":"Shading Mode"},"sceneLighting":false,"audioPlay":false,"sceneViewState":{"showFog":true,"showMaterialUpdate":true,"showSkybox":false,"showFlares":true,"showImageEffects":true,"showParticleSystems":true},"in2DMode":false,"pivot":{"x":-141.9920654296875,"y":34.547183990478519,"z":-119.1277847290039},"rotation":{"x":-0.1312689185142517,"y":0.31816422939300539,"z":-0.04240591078996658,"w":-0.9383856058120728},"size":4.670327186584473,"orthographic":false}