{"cameraMode":{"drawMode":0,"name":"Shaded","section":"Shading Mode"},"sceneLighting":false,"audioPlay":false,"sceneViewState":{"showFog":true,"showMaterialUpdate":true,"showSkybox":false,"showFlares":true,"showImageEffects":true,"showParticleSystems":true},"in2DMode":false,"pivot":{"x":-146.9539031982422,"y":32.749427795410159,"z":-137.2847137451172},"rotation":{"x":0.09951288253068924,"y":-0.4290855824947357,"z":0.04603878781199455,"w":0.8969898223876953},"size":4.158341407775879,"orthographic":false}