{"cameraMode":{"drawMode":0,"name":"Shaded","section":"Shading Mode"},"sceneLighting":false,"audioPlay":false,"sceneViewState":{"showFog":true,"showMaterialUpdate":true,"showSkybox":false,"showFlares":true,"showImageEffects":true,"showParticleSystems":true},"in2DMode":false,"pivot":{"x":0.04029860347509384,"y":0.2060524821281433,"z":0.5686846971511841},"rotation":{"x":0.44664785265922549,"y":-0.5449165105819702,"z":0.4328317642211914,"w":0.5632933378219605},"size":0.43914711475372317,"orthographic":false}