{"cameraMode":{"drawMode":0,"name":"Shaded","section":"Shading Mode"},"sceneLighting":false,"audioPlay":false,"sceneViewState":{"showFog":true,"showMaterialUpdate":true,"showSkybox":false,"showFlares":true,"showImageEffects":true,"showParticleSystems":true},"in2DMode":false,"pivot":{"x":-28.23200035095215,"y":8.1899995803833,"z":-10.781999588012696},"rotation":{"x":0.04221271723508835,"y":-0.9606583118438721,"z":0.19561494886875153,"w":0.1962869018316269},"size":7.4816436767578129,"orthographic":false}