{"cameraMode":{"drawMode":0,"name":"Shaded","section":"Shading Mode"},"sceneLighting":false,"audioPlay":false,"sceneViewState":{"showFog":true,"showMaterialUpdate":true,"showSkybox":false,"showFlares":true,"showImageEffects":true,"showParticleSystems":true},"in2DMode":false,"pivot":{"x":4.0978193283081057e-8,"y":-2.60770320892334e-8,"z":0.2935808598995209},"rotation":{"x":0.17622995376586915,"y":0.6906719207763672,"z":-0.17897027730941773,"w":0.6785607933998108},"size":4.2968244552612309,"orthographic":false}